i_sp,i_region,i_site,i_latitude,i_longitude,i_elevation,i_slopeI,i_slopeA,i_gWaterP,i_gWaterDist,i_atmTrans,i_solarNoon,i_emiss,i_co2AmbPPM,i_layers,i_fieldCapFrac,i_fieldCapPercInit,i_rockFrac,i_soilAbsSol,i_rhizoPer,i_texture,i_baperga,i_leafAreaIndex,i_soilXHeight,i_height,i_leafPerBasal,i_leafWidth,i_leafAngleParam,i_aspect,i_rootBeta,i_leafPercRes,i_kmaxTree,i_pinc,i_LSC,i_LSCpref,i_cr,i_br,i_cs,i_bs,i_cl,i_bl,i_sapwoodT,i_conduitDiam,i_qMax,i_vmax25,i_jmax25,i_kc25,i_ko25,i_comp25,i_thetaC,i_havmax,i_hdvmax,i_svvmax,i_lightCurv,i_lightComp,i_hajmax,i_hdjmax,i_svjmax
POFR,CCR-COL,DBG,33.46482,-111.94021,380,0,0,0,1,0.75,0,0.97,419.35,5,0.47,100,0.327,0.94,50.0,pofr-dbg,43.61021,3.61,0,1.586,827.7878117,0.034391333,1.0,1.0,0.9,25,238.6135279,0.00075,0.0,0,11.4761141430881,2.65437544110061,11.4761141430881,2.65437544110061,11.4761141430881,2.65437544110061,0.13,31.49370739,0.3,93.88,156.78,0.0004048,0.27833131,4.275e-05,0.98,73637,149252,486,0.9,30,50300,152044,495
POFR,JLA-JAK,DBG,33.46482,-111.94021,380,0,0,0,1,0.75,0,0.97,419.35,5,0.47,100,0.327,0.94,50.0,pofr-dbg,37.21896,3.36,0,1.878667,902.7657502,0.043451333,1.0,1.0,0.863,25,203.4758194,0.00075,0.0,0,11.7383891930873,2.71686108718189,11.7383891930873,2.71686108718189,11.7383891930873,2.71686108718189,0.13,29.40288508,0.3,65.98,110.19,0.0004048,0.27833131,4.275e-05,0.98,73637,149252,486,0.9,30,50300,152044,495
POFR,NRV-NEW,DBG,33.46482,-111.94021,380,0,0,0,1,0.75,0,0.97,419.35,5,0.47,100,0.327,0.94,50.0,pofr-dbg,33.48829,3.61,0,1.618667,1077.988738,0.033538667,1.0,1.0,0.863,25,304.5484081,0.00075,0.0,0,11.8676115671384,2.74433960089367,11.8676115671384,2.74433960089367,11.8676115671384,2.74433960089367,0.13,31.49370739,0.3,80.93,135.15,0.0004048,0.27833131,4.275e-05,0.98,73637,149252,486,0.9,30,50300,152044,495
POFR,TSZ-SAN,DBG,33.46482,-111.94021,380,0,0,0,1,0.75,0,0.97,419.35,5,0.47,100,0.327,0.94,50.0,pofr-dbg,33.93854,3.61,0,1.701333,1063.687371,0.032027333,1.0,1.0,0.863,25,275.1758977,0.00075,0.0,0,12.1519724330095,2.80898339358928,12.1519724330095,2.80898339358928,12.1519724330095,2.80898339358928,0.13,31.49370739,0.3,59.28,99.0,0.0004048,0.27833131,4.275e-05,0.98,73637,149252,486,0.9,30,50300,152044,495
